site,word_count
beyoung,"[('pele', 52), ('maquiagem', 29), ('negra', 27), ('produtos', 13), ('beyoung', 12), ('dicas', 11), ('make', 9), ('a', 7), ('o', 7), ('base', 7), ('todas', 6), ('tonalidade', 6), ('2023', 6), ('skincare', 5), ('ideal', 5), ('sobre', 5), ('escolha', 5), ('beleza', 5), ('pode', 5), ('pois', 5), ('c√∫tis', 5), ('fazer', 4), ('ajudar', 4), ('tom', 4), ('primer', 4), ('para', 4), ('4', 4), ('corretivo', 4), ('al√©m', 4), ('loja', 3), ('sa√∫de', 3), ('t√™m', 3), ('cada', 3), ('todos', 3), ('tipos', 3), ('blush', 3), ('ent√£o', 3), ('hidratada', 3), ('1', 3), ('poros', 3), ('p√≥', 3), ('negras', 3), ('cor', 3), ('bem', 3), ('bronze', 3), ('sombras', 3), ('afinal', 3), ('setembro', 3), ('agosto', 3), ('6', 3), ('com', 3), ('batom', 3), ('escolher', 3), ('sempre', 3), ('saud√°vel', 3), ('usar', 3), ('3', 3), ('rosto', 3), ('natural', 3), ('capaz', 3), ('redes', 3), ('sociais', 3)]"
brasil de fato,"[('negra', 12), ('pele', 11), ('negras', 10), ('marcas', 9), ('cosm√©ticos', 8), ('produtos', 8), ('a', 8), ('peles', 7), ('ind√∫stria', 6), ('mulheres', 5), ('beleza', 5), ('ainda', 4), ('maquiagem', 4), ('cor', 4), ('porque', 4), ('fundo', 4), ('brasil', 4), ('grandes', 4), ('base', 4), ('gente', 4), ('produto', 4), ('mulher', 4), ('variedades', 3), ('fato', 3), ('todas', 3), ('popula√ß√£o', 3), ('protetor', 3), ('brasileira', 3), ('marca', 3), ('rio', 3), ('janeiro', 3), ('pol√≠tica', 3), ('l√≠via', 3), ('escura', 3), ('tons', 3), ('blogueira', 3), ('problema', 3), ('rosangela', 3)]"
capricho,"[('pele', 65), ('base', 54), ('r', 49), ('a', 46), ('publicidade', 35), ('veja', 35), ('continua', 30), ('assine', 30), ('partir', 30), ('ap√≥s', 30), ('2semana', 30), ('cor', 28), ('beauty', 26), ('abril', 25), ('rosa', 24), ('voc√™', 23), ('negra', 23), ('tiktok', 22), ('fenty', 22), ('maquiagem', 21), ('p√≥', 21), ('instagram', 21), ('beleza', 21), ('‚ô¨', 21), ('produto', 19), ('cobertura', 18), ('capricho', 15), ('facebook', 15), ('youtube', 15), ('pinterest', 15), ('moda', 15), ('sa√∫de', 15), ('tons', 15), ('twitter', 15), ('minha', 15), ('o', 15), ('original', 15), ('makeup', 15), ('marca', 14), ('the', 14), ('todos', 13), ('retinta', 13), ('bem', 13), ('e', 13), ('acabamento', 13), ('matte', 13), ('sound', 12), ('contorno', 12), ('natural', 12), ('alta', 11), ('hor√≥scopo', 10), ('entretenimento', 10), ('direitos', 10), ('skin', 10), ('quatro', 10), ('rodas', 10), ('claudia', 10), ('boa', 10), ('conosco', 10), ('sociedade', 10), ('comportamento', 10), ('pol√≠tica', 10), ('post', 10), ('by', 10), ('rosto', 10), ('testar', 10), ('rh', 10), ('superinteressante', 10), ('sa', 10), ('bases', 10), ('karen', 10), ('ch', 9), ('rihanna', 9), ('this', 9), ('i', 9), ('pra', 9), ('leve', 9), ('cores', 9), ('deixa', 9), ('iluminador', 8), ('ainda', 8), ('tom', 8), ('youthforia', 8), ('2024', 8), ('conte√∫do', 8), ('on', 8), ('and', 8), ('usar', 8), ('efeito', 8), ('l√≠quida', 8), ('novo', 7), ('produtos', 7), ('grupo', 7), ('como', 7), ('textura', 7), ('milk', 7), ('bachini', 7), ('tend√™ncias', 7), ('fentybeauty', 7), ('stick', 7), ('promete', 6), ('vida', 6), ('tutoriais', 6), ('highlighters', 6), ('love', 6), ('ela', 6), ('foto', 6), ('pessoas', 6), ('golloria', 6), ('viralizou', 6), ('1', 6), ('m√©dia', 6), ('tanto', 6), ('karenbachini', 6), ('por', 6), ('sucesso', 6), ('f√≥rmula', 6), ('it', 6), ('gente', 6), ('escolher', 6), ('sabe', 6), ('s√£o', 6), ('quem', 6), ('termos', 6), ('v√≠deo', 6), ('indicam', 6), ('indica√ß√µes', 6), ('reprodu√ß√£ocapricho', 6), ('durabilidade', 6), ('contour', 6), ('milkmakeup', 6), ('buscar', 5), ('testes', 5), ('previs√µes', 5), ('signos', 5), ('m√∫sica', 5), ('cinema', 5), ('educa√ß√£o', 5), ('meio', 5), ('ambiente', 5), ('identidade', 5), ('edi√ß√µes', 5), ('digitais', 5), ('manifesto', 5), ('sexo', 5), ('criativos', 5), ('alerta', 5), ('famosas', 5), ('momento', 5), ('lidas1comportamento', 5), ('letras', 5), ('rom√¢nticas', 5), ('sequ√™ncia', 5), ('imagens', 5), ('oficiais3sociedade', 5), ('aliado', 5), ('urgente4comportamento', 5), ('caf√©', 5), ('parque', 5), ('lugar‚Äô5comportamento', 5), ('namorados', 5), ('ideias', 5), ('beb√™', 5), ('bravo', 5), ('estudante', 5), ('instituto', 5), ('turismo', 5), ('dados', 5), ('atendimento', 5), ('anuncie', 5), ('fale', 5), ('trabalhe', 5), ('cnpj', 5), ('preta', 5), ('influenciadoras', 5), ('ter', 5), ('tem', 5), ('4', 5), ('menu', 5), ('buscarbuscar', 5), ('assinar', 5), ('m√≠stica', 5), ('tarot', 5), ('combina√ß√£o', 5), ('kpop', 5), ('leituras', 5), ('celebridades', 5), ('tv', 5), ('viol√™ncia', 5), ('mental', 5), ('escola', 5), ('sos', 5), ('relacionamentos', 5), ('tecnologia', 5), ('novos', 5), ('semanas', 5), ('autoestima', 5), ('primeiros', 5), ('cuidados', 5), ('redes', 5), ('view', 5), ('shared', 5), ('v√°rios', 5), ('that', 5), ('to', 5), ('mais', 5), ('35', 5), ('m√∫sicas', 5), ('legenda', 5), ('instagram2entretenimento', 5), ('culpa', 5), ('ganha', 5), ('data', 5), ('estreia', 5), ('prefeito', 5), ('meioambiente', 5), ('lanchonete', 5), ('‚Äòterceiro', 5), ('dia', 5), ('13', 5), ('presentes', 5), ('surpresas', 5), ('leia', 5), ('siga', 5), ('forma', 5), ('casa', 5), ('casacor', 5), ('el√°stica', 5), ('especiallistas', 5), ('guia', 5), ('rio', 5), ('paulo', 5), ('viagem', 5), ('privacidade', 5), ('desativar', 5), ('adblock', 5), ('assinante', 5), ('somos', 5), ('condi√ß√µes', 5), ('comunica√ß√µes', 5), ('44597052000162', 5), ('reservados', 5), ('2', 5), ('funciona', 5), ('incr√≠vel', 4), ('duarte', 4), ('brilho', 4), ('demi‚Äôglow', 4), ('shade', 4), ('in', 4), ('of', 4), ('vez', 4), ('algum', 4), ('negras', 4), ('mundo', 4), ('influenciadora', 4), ('bruna', 4), ('tavares', 4), ('livre', 4), ('parabenos‚Äù', 4), ('bastante', 4), ('sofia', 4), ('sociais', 4), ('email', 4), ('sephora', 4), ('al√©m', 4), ('cartela', 4), ('pigmento', 4), ('preto', 4), ('tinta', 4), ('foundation', 4), ('queridinhas', 4), ('bt', 4), ('3', 4), ('√≥tima', 4), ('sua', 4), ('vegana', 4), ('pode', 4), ('facial', 4), ('adaptar', 4), ('lan√ßa', 3), ('melhor', 3), ('diferentes', 3), ('pincel', 3), ('som', 3), ('have', 3), ('is', 3), ('‚Äúa', 3), ('glamzilla', 3), ('vai', 3), ('night', 3), ('a√≠', 3), ('as', 3), ('podem', 3), ('falta', 3), ('totalmente', 3), ('testando', 3), ('apenas', 3), ('darkskinmakeup', 3), ('cada', 3), ('relacionadasbeleza6', 3), ('santos', 3), ('em', 3), ('afinal', 3), ('22', 3), ('luzi√™', 3), ('s√©rum', 3), ('fluida', 3), ('deixando', 3), ('fernanda', 3), ('disse', 3), ('sim', 3), ('camadas', 3), ('aspecto', 3), ('achei', 3), ('mirella', 3), ('qualha', 3), ('abaixo', 3), ('ent√£o', 3), ('olhos', 3), ('resenha', 3), ('funcionar', 3), ('glow', 3), ('demiglow', 3), ('apesar', 3), ('lan√ßar', 3), ('amantes', 3), ('rolou', 3), ('light', 3), ('brasil', 3), ('linhas', 3), ('outro', 3), ('pol√™mica', 3), ('lan√ßamento', 3), ('composi√ß√£o', 3), ('lado', 3), ('inclusivo', 3), ('servir', 3), ('op√ß√µes', 3), ('t√°ssio', 3), ('6', 3), ('prometem', 3), ('vem', 3), ('2022', 3), ('fica', 3), ('juliana', 3), ('sequinha', 3), ('fixa√ß√£o', 3), ('√©', 3), ('fps', 3), ('quanto', 3), ('encontrar', 3), ('t√£o', 3), ('inclusive', 3), ('aqui', 3)]"
cenarium,"[('negra', 16), ('base', 16), ('pele', 13), ('tons', 9), ('mercado', 9), ('porque', 8), ('cookies', 8), ('preta', 7), ('cenarium', 6), ('produtos', 6), ('tom', 6), ('cor', 6), ('diz', 6), ('pessoas', 6), ('falta', 6), ('mulheres', 6), ('bases', 6), ('cores', 6), ('diversidade', 5), ('marca', 5), ('site', 5), ('produto', 5), ('gente', 5), ('nova', 5), ('ainda', 4), ('maquiagem', 4), ('vai', 4), ('ter', 4), ('realmente', 4), ('muitas', 4), ('compartilhar', 4), ('janelaclique', 4), ('cookie', 4), ('o', 4), ('marcas', 4), ('cinco', 4), ('ag√™ncia', 3), ('influenciadora', 3), ('mas', 3), ('saber', 3), ('ela', 3), ('ali', 3), ('negras', 3), ('rosa', 3), ('dif√≠ceis', 3), ('revista', 3), ('2024', 3), ('juliana', 3), ('cartela', 3), ('mulher', 3), ('peles', 3), ('tinta', 3), ('usar', 3), ('dentro', 3), ('brasil', 3), ('sendo', 3), ('e', 3), ('silva', 3), ('ind√∫stria', 3), ('estritamente', 3), ('salvar', 3)]"
claudia,"[('r', 16), ('veja', 11), ('assine', 9), ('pele', 8), ('claudia', 8), ('a', 8), ('voc√™', 7), ('partir', 7), ('negra', 6), ('publicidade', 6), ('bem', 6), ('beleza', 6), ('2semana', 6), ('continua', 5), ('e', 5), ('ap√≥s', 5), ('op√ß√µes', 5), ('produtos', 4), ('maquiagem', 4), ('facebook', 4), ('linkedin', 4), ('pinterest', 4), ('sexo', 4), ('sa√∫de', 4), ('instagram', 4), ('twitter', 4), ('acabamento', 4), ('cores', 4), ('matte', 4), ('digital', 4), ('9', 3), ('buscar', 3), ('amor', 3), ('hor√≥scopo', 3), ('moda', 3), ('abril', 3), ('marca', 3), ('10', 3), ('quatro', 3), ('rodas', 3), ('cozinha', 3), ('casa', 3), ('de', 3), ('√©', 3), ('minha', 3), ('dia', 3), ('mercado', 3), ('marcas', 3), ('f√≥rmula', 3), ('efeito', 3), ('pigmenta√ß√£o', 3), ('batom', 3), ('rh', 3), ('superinteressante', 3), ('sa', 3), ('mat√©ria', 3), ('impressa', 3)]"
contra mao,"[('base', 14), ('pele', 13), ('negra', 10), ('cor', 7), ('rosa', 6), ('cores', 6), ('t√°ssio', 6), ('boca', 6), ('marca', 5), ('todos', 5), ('a', 5), ('v√≠deos', 5), ('produto', 4), ('joyce', 4), ('dia', 4), ('home', 3), ('20', 3), ('internet', 3), ('blogueiras', 3), ('bem', 3), ('sobre', 3), ('apenas', 3), ('negras', 3), ('beauty', 3), ('fala', 3), ('fazer', 3), ('60', 3), ('contram√£o', 3), ('not√≠cias', 3), ('escura', 3), ('bases', 3), ('linha', 3), ('v√≠deo', 3), ('anos', 3)]"
dia de beaute,"[('pele', 64), ('aqui', 51), ('maquiagem', 41), ('batom', 35), ('make', 33), ('the', 33), ('beaut√©', 32), ('to', 30), ('beleza', 30), ('sobre', 28), ('o', 28), ('dia', 26), ('on', 26), ('share', 24), ('in', 24), ('new', 24), ('cookies', 24), ('opens', 24), ('vic', 22), ('base', 21), ('negra', 20), ('produtos', 19), ('site', 19), ('windowclick', 18), ('‚Ä¶', 18), ('acesso', 18), ('preferences', 18), ('marrom', 18), ('leia', 18), ('mais', 18), ('minutos', 18), ('funcional', 18), ('armazenamento', 18), ('t√©cnico', 18), ('or', 18), ('marketing', 18), ('manage', 18), ('prefer√™ncias', 18), ('delineador', 18), ('e', 17), ('ver', 17), ('p√≥', 16), ('bem', 16), ('pode', 16), ('skincare', 15), ('vermelho', 14), ('protetor', 14), ('criar', 14), ('tudo', 14), ('comprar', 13), ('saiba', 13), ('is', 13), ('aquibase', 13), ('post', 13), ('necess√°rio', 13), ('vida', 12), ('todosperfumerelatosrituaissa√∫debanhobeleza', 12), ('todoscorpopele', 12), ('oleosapele', 12), ('beaut√©ver', 12), ('multiusocookies', 12), ('are', 12), ('consentimento', 12), ('technical', 12), ('storage', 12), ('purposes', 12), ('fins', 12), ('usu√°rio', 12), ('title', 12), ('beauty', 12), ('todosviagemal√©m', 12), ('bast√£o', 12), ('contato', 12), ('email', 12), ('not', 12), ('solar', 12), ('usado', 12), ('sozinho', 12), ('simples', 12), ('glitter', 12), ('servi√ßo', 12), ('finalidade', 12), ('access', 12), ('that', 12), ('estat√≠sticas', 12), ('cor', 11), ('mulheres', 11), ('sempre', 11), ('maquiadores', 11), ('backstage', 11), ('l√≠quido', 11), ('marcas', 11), ('ddb', 10), ('tom', 10), ('textura', 10), ('l√°bios', 10), ('skin', 10), ('negras', 10), ('cobertura', 10), ('nunca', 10), ('quase', 10), ('cabelos', 10), ('realce', 10), ('todos', 9), ('super', 9), ('toque', 9), ('perfeita', 9), ('pessoas', 9), ('geralmente', 9), ('at', 9), ('produto', 9), ('brasil', 9), ('bases', 9), ('tons', 9), ('lan√ßamento', 9), ('leveza', 8), ('ainda', 8), ('rotina', 8), ('d√°', 8), ('ter', 8), ('fez', 8), ('falar', 8), ('foto', 8), ('livro', 8), ('outras', 8), ('natural', 8), ('a', 8), ('n√£o', 8), ('busca', 8), ('informa√ß√µes', 8), ('v√°rios', 8), ('dior', 8), ('dija', 8), ('pinterest', 7), ('melhor', 7), ('escolha', 7), ('dermatologista', 7), ('moda', 7), ('miss√£o', 7), ('universo', 7), ('hoje', 7), ('usamos', 7), ('exclusiva', 7), ('exclusivamente', 7), ('apenas', 7), ('podem', 7), ('praticidade', 7), ('fim', 7), ('reply', 7), ('sabia', 7), ('√©', 7), ('adicionar', 7), ('toa', 7), ('deve', 7), ('rede', 7), ('forever', 7), ('terracotta', 7), ('al√©m', 7), ('preto', 7), ('fazer', 6), ('simplicidade', 6), ('realprodutos', 6), ('compre', 6), ('bemestarver', 6), ('conscientebusinessver', 6), ('todosentrevistanot√≠ciasmakever', 6), ('todosbocaolhospeleinspira√ß√£oprodutosreviewskincarever', 6), ('todospenteadostutoriaistend√™nciascuidadosprodutosreviewunhaver', 6), ('todosinspira√ß√£oprodutostutoriaistv', 6), ('todosrelatostutorialreviewvloglifestylever', 6), ('beaut√©d√©corestilogastronomia', 6), ('exploresobreddbtimeviclivrovic', 6), ('inscrevase', 6), ('homever', 6), ('todosinspira√ß√£oprodutostutoriaisunhaver', 6), ('coment√°riosveja', 6), ('published', 6), ('fields', 6), ('name', 6), ('website', 6), ('home', 6), ('click', 6), ('facebook', 6), ('whatsapp', 6), ('proximo', 6), ('100624', 6), ('corrida', 6), ('us√°lo', 6), ('proteger', 6), ('fato', 6), ('aplicar', 6), ('quantidade', 6), ('adequada', 6), ('contr√°rio', 6), ('l√≠quidas', 6), ('seuum', 6), ('bom', 6), ('brilho', 6), ('sai', 6), ('luminosidade', 6), ('influenciadores', 6), ('notado', 6), ('constante', 6), ('transparece', 6), ('2007', 6), ('maneira', 6), ('desmistificou', 6), ('parecia', 6), ('complicado', 6), ('cuidado', 6), ('enfim', 6), ('sentirse', 6), ('cresceu', 6), ('amadureceu', 6), ('completo', 6), ('vozes', 6), ('diversas', 6), ('destino', 6), ('certo', 6), ('saber', 6), ('bemestar', 6), ('sa√∫de', 6), ('explorar', 6), ('16', 6), ('httpsdiadebeautecom', 6), ('gerenciar', 6), ('always', 6), ('active', 6), ('leg√≠tima', 6), ('permitir', 6), ('utiliza√ß√£o', 6), ('espec√≠fico', 6), ('solicitado', 6), ('transmiss√£o', 6), ('comunica√ß√£o', 6), ('eletr√≥nicas', 6), ('of', 6), ('storing', 6), ('requested', 6), ('subscriber', 6), ('used', 6), ('exclusively', 6), ('statistical', 6), ('estat√≠sticos', 6), ('an√¥nimos', 6), ('intima√ß√£o', 6), ('conformidade', 6), ('volunt√°ria', 6), ('parte', 6), ('internet', 6), ('terceiros', 6), ('armazenadas', 6), ('recuperadas', 6), ('identific√°lo', 6), ('publicidade', 6), ('rastrear', 6), ('options', 6), ('vendors', 6), ('read', 6), ('more', 6), ('these', 6), ('aceitar', 6), ('somente', 6), ('guerlain', 6), ('le', 6), ('chocolate', 6), ('getty', 6), ('porque', 6), ('dicas', 6), ('skip', 6), ('content', 6), ('real', 6), ('secaprodutosrotinascabelover', 6), ('newsletter', 6), ('volte', 6), ('conscientebemestarver', 6), ('todosentrevistanot√≠ciasbusinessver', 6), ('todosbocaolhospeleinspira√ß√£oprodutosreviewmakever', 6), ('secaprodutosrotinasskincarever', 6), ('todospenteadostutoriaistend√™nciascuidadosprodutosreviewcabelover', 6), ('todosrelatostutorialreviewvlogtv', 6), ('beaut√©d√©corestilogastronomialifestyle', 6), ('cobrir', 6), ('instagram', 6), ('cancel', 6), ('replyyour', 6), ('address', 6), ('will', 6), ('be', 6), ('required', 6), ('marked', 6), ('comment', 6), ('Œ¥', 6), ('explore', 6), ('twitter', 6), ('window', 6), ('anterior', 6), ('respondeusar', 6), ('pr√°tico', 6), ('suficiente', 6), ('danos', 6), ('solares', 6), ('desafio', 6), ('vers√µes', 6), ('3', 6), ('060624', 6), ('falamos', 6), ('tornase', 6), ('vem', 6), ('acompanhando', 6), ('redes', 6), ('sociais', 6), ('6', 6), ('boca', 6), ('beaut√©o', 6), ('primeiros', 6), ('blogs', 6), ('lan√ßado', 6), ('assunto', 6), ('descontra√≠da', 6), ('√©poca', 6), ('anosde', 6), ('conte√∫do', 6), ('otimizar', 6), ('pol√≠tica', 6), ('estritamente', 6), ('explicitamente', 6), ('assinante', 6), ('utilizador', 6), ('efetuar', 6), ('atrav√©s', 6), ('comunica√ß√µes', 6), ('necessary', 6), ('legitimate', 6), ('purpose', 6), ('by', 6), ('user', 6), ('sem', 6), ('provedor', 6), ('servi√ßos', 6), ('registros', 6), ('adicionais', 6), ('usadas', 6), ('perfis', 6), ('enviar', 6), ('sites', 6), ('semelhantes', 6), ('services', 6), ('about', 6), ('salvar', 6), ('titlegerenciar', 6), ('images', 6), ('black', 6), ('fundadas', 6), ('nesse', 5), ('ideal', 5), ('tags', 5), ('vez', 5), ('ficar', 5), ('sentindo', 5), ('mim', 5), ('teint', 5), ('tend√™ncia', 5), ('maquiagens', 5), ('‚Äúblack', 5), ('depois', 5), ('usar', 5), ('desfiles', 5), ('cores', 5), ('lauder', 5), ('gama', 5), ('de', 5), ('2022', 5), ('lollapalooza', 4), ('vai', 4), ('diz', 4), ('oleosa', 4), ('seca', 4), ('para', 4), ('sombra', 4), ('durante', 4), ('reprodu√ß√£o', 4), ('comentariosleave', 4), ('spfw', 4), ('relato', 4), ('primeira', 4), ('cansa√ßo', 4), ('deixava', 4), ('jo√£o', 4), ('passarela', 4), ('ali', 4), ('4', 4), ('relatos', 4), ('muitas', 4), ('backstagedior', 4), ('longo', 4), ('‚Äúa', 4), ('novo', 4), ('unhas', 4), ('carta', 4), ('pr√≥pria', 4), ('ningu√©m', 4), ('durar', 4), ('equipe', 4), ('final', 4), ('manter', 4), ('040624', 4), ('saudades', 4), ('evento‚Äúj√°', 4), ('√∫ltimo', 4), ('pernas', 4), ('bambas', 4), ('desisti', 4), ('assistir', 4), ('pimenta', 4), ('hist√≥rico', 4), ('edif√≠cio', 4), ('martinelli', 4), ('curiosidade', 4), ('pude', 4), ('deixar', 4), ('traz', 4), ('soft', 4), ('double', 4), ('alta', 4), ('fica', 4), ('podemos', 4), ('anos', 4), ('agora', 4), ('cabelo', 4), ('dizer', 4), ('ceridono', 4), ('rosto', 4), ('tra√ßo', 4), ('skin‚Äù', 4), ('25', 4), ('jan', 4), ('2023', 4), ('prepara√ß√£o', 3), ('corretivo', 3), ('olhos', 3), ('ent√£o', 3), ('pouco', 3), ('mate', 3), ('primeiro', 3), ('resultado', 3), ('t√™m', 3), ('coringa', 3), ('tipos', 3), ('wear', 3), ('undercover', 3), ('est√©e', 3), ('mundo', 3), ('looks', 3), ('ano', 3), ('real√ßar', 3), ('controlar', 3), ('qualquer', 3), ('precisa', 3), ('aprendemos', 3), ('rela√ß√£o', 3), ('explica', 3), ('leitura', 3), ('modelo', 3), ('√°gua', 3), ('‚Äúpessoas', 3), ('sol', 3), ('melanina', 3), ('festival', 3), ('confira', 3), ('grande', 3), ('durabilidade', 3), ('se', 3), ('menos', 3), ('fina', 3), ('por', 3), ('ap√≥s', 3), ('tempo', 3), ('queridinhas', 3), ('celebridades', 3), ('acabamento', 3), ('op√ß√µes', 3), ('baims', 3), ('l√≠quida', 3), ('glow', 3), ('pro', 3), ('fenty', 3), ('teintguerlain', 3), ('f√°cil', 3), ('chanel', 3), ('apesar', 3), ('eu', 3), ('peles', 3), ('nikkimakeup', 3), ('corbis', 3), ('realcevic', 3), ('sabe', 3), ('acompanha', 3), ('desde', 3), ('perfume', 3), ('libre', 3), ('ayodele', 3), ('acho', 3)]"
diversidade,"[('pele', 22), ('maquiagem', 13), ('taina', 12), ('produtos', 9), ('negras', 9), ('para', 7), ('ainda', 7), ('mercado', 7), ('natural', 7), ('peles', 7), ('falta', 6), ('diversidade', 6), ('sobre', 6), ('t√™m', 6), ('tom', 6), ('tons', 6), ('porque', 5), ('vai', 5), ('maquiadora', 5), ('educando', 5), ('a', 5), ('clientes', 5), ('rosto', 5), ('negra', 4), ('cosm√©ticos', 4), ('profissional', 4), ('bem', 4), ('ter', 4), ('31', 4), ('anos', 4), ('‚Äúeu', 4), ('base', 4), ('todos', 3), ('navega√ß√£o', 3), ('parte', 3), ('pessoas', 3), ('antes', 3), ('saber', 3), ('cor', 3), ('contato', 3), ('maquiadores', 3), ('desde', 3), ('forma', 3), ('vem', 3), ('muitos', 3), ('inclus√£o', 3), ('beleza', 3), ('confessa', 3), ('subtom', 3), ('pessoa', 3)]"
donna beleza,"[('base', 3)]"
elle,"[('elle', 53), ('assine', 16), ('beleza', 15), ('view', 14), ('impressa', 14), ('edi√ß√£o', 14), ('a', 12), ('marca', 11), ('r', 11), ('negra', 11), ('brasil', 11), ('√∫ltima', 10), ('revista', 10), ('confira', 10), ('d√≥lares', 10), ('beauty', 9), ('maquiagem', 8), ('produtos', 8), ('rosa', 8), ('de', 8), ('receba', 8), ('linha', 8), ('skincare', 7), ('negras', 7), ('williams', 7), ('decoration', 6), ('ano', 6), ('livro', 6), ('mensal', 6), ('ou', 6), ('ros√¢ngela', 6), ('wyn', 6), ('serena', 6), ('beaut√©', 6), ('newsletter', 6), ('conta', 6), ('formato', 6), ('acabamento', 6), ('digital', 6), ('peles', 6), ('nossa', 5), ('para', 5), ('lan√ßamentos', 5), ('conhe√ßa', 5), ('agora', 5), ('j√°', 5), ('moda', 4), ('lifestyle', 4), ('facebook', 4), ('youtube', 4), ('linkedin', 4), ('tiktok', 4), ('bianual', 4), ('assinatura', 4), ('volumes', 4), ('maior', 4), ('veja', 4), ('apenas', 4), ('100', 4), ('universo', 4), ('compre', 4), ('10', 4), ('21', 4), ('cookies', 4), ('site', 4), ('50', 4), ('pele', 4), ('cultura', 4), ('nossas', 4), ('revistas', 4), ('men', 4), ('contato', 4), ('instagram', 4), ('twitter', 4), ('12x', 4), ('por', 4), ('conte√∫do', 4), ('conte√∫dos', 4), ('exclusivos', 4), ('mercado', 4), ('pol√≠tica', 4), ('privacidade', 4), ('termos', 4), ('assinante', 4), ('outros', 3), ('vezes', 3), ('20', 3), ('19', 3), ('vista', 3), ('dedicada', 3), ('portf√≥lio', 3), ('itens', 3), ('bases', 3), ('estreia', 3), ('lan√ßamento', 3), ('nova', 3), ('cabelos', 3), ('ao', 3), ('continuar', 3), ('tudo', 3)]"
eutotal,"[('pele', 25), ('maquiagem', 21), ('via', 13), ('pinterest', 13), ('passo', 12), ('negra', 9), ('tom', 7), ('fazer', 6), ('dicas', 6), ('dia', 6), ('criar', 5), ('veja', 5), ('beleza', 5), ('cores', 5), ('piercing', 5), ('produtos', 4), ('perfei√ß√£o', 4), ('tons', 4), ('deslumbrante', 3), ('moda', 3), ('para', 3), ('cor', 3), ('invista', 3), ('antes', 3), ('cabelos', 3), ('clara', 3), ('base', 3), ('escolher', 3), ('j√°', 3), ('rosto', 3), ('noite', 3)]"
folha sp,"[('pele', 14), ('base', 14), ('folha', 9), ('√≠cone', 8), ('a', 8), ('assinante', 8), ('f5', 7), ('tons', 6), ('fechar', 6), ('negras', 5), ('assine', 5), ('diz', 5), ('cor', 5), ('conte√∫do', 5), ('op√ß√µes', 5), ('salvar', 5), ('mulheres', 4), ('achar', 4), ('benef√≠cio', 4), ('assinantes', 4), ('login', 4), ('gisele', 4), ('maquiagem', 4), ('blogueira', 4), ('marcas', 4), ('anos', 4), ('7', 4), ('acessos', 4), ('dia', 4), ('ler', 4), ('fa√ßa', 4), ('estilo', 3), ('ter', 3), ('voc√™', 3), ('fidelis', 3), ('√∫ltimos', 3), ('qualquer', 3), ('ideal', 3), ('produtos', 3), ('natura', 3), ('diferentes', 3), ('todos', 3), ('perto', 3), ('afirmam', 3), ('seguir', 3), ('not√≠cias', 3), ('maraisa', 3), ('j√°', 3), ('encontrar', 3), ('bases', 3), ('l√≠quida', 3), ('rosto', 3), ('produto', 3), ('pode', 3)]"
gshow,"[('false', 126), ('p√°gina', 37), ('inicial', 36), ('pele', 35), ('imagem', 25), ('eliminado', 25), ('url', 25), ('imune', 25), ('monstro', 25), ('casa', 25), ('statusprioritario', 25), ('anjo', 25), ('lider', 25), ('paredao', 25), ('negra', 24), ('true', 24), ('none', 24), ('nomepopular', 24), ('gshow', 24), ('√©', 22), ('globoplay', 22), ('maquiagem', 18), ('tv', 18), ('novelas', 17), ('camila', 17), ('sobre', 16), ('beleza', 16), ('brasil', 15), ('‚Äî', 15), ('bbb', 15), ('foto', 14), ('v√≠deos', 14), ('menu', 13), ('globo', 13), ('semanas', 13), ('carol', 12), ('realities', 11), ('the', 11), ('todos', 10), ('famosos', 10), ('gnt', 10), ('3', 10), ('nunes', 10), ('produtos', 9), ('influenciadora', 9), ('epis√≥dios', 9), ('romero', 9), ('2', 9), ('cosm√©ticos', 8), ('moda', 8), ('primeiro', 8), ('livro', 8), ('passo', 8), ('ainda', 7), ('para', 7), ('tom', 7), ('multishow', 7), ('base', 7), ('o', 7), ('pessoal', 6), ('horas', 6), ('4', 6), ('resumos', 6), ('personagens', 6), ('mercado', 6), ('anos', 6), ('arquivo', 6), ('conta', 6), ('resumo', 6), ('tudo', 6), ('voice', 6), ('tai', 5), ('lima', 5), ('nacional', 5), ('precisa', 5), ('hoje', 5), ('namorados', 5), ('flores', 5), ('blush', 5), ('todas', 5), ('a√≠', 5), ('ind√∫stria', 5), ('pode', 5), ('dia', 5), ('dicas', 5), ('batom', 5), ('vem', 5), ('autora', 4), ('pr√≥pria', 4), ('1', 4), ('pessoas', 4), ('fazer', 4), ('veja', 4), ('deu', 4), ('rosado', 4), ('apostou', 4), ('renascer', 4), ('participantes', 4), ('poucos', 4), ('pretas', 4), ('n√£o', 4), ('outras', 4), ('fam√≠lia', 4), ('cap√≠tulo', 4), ('parceiros', 4), ('espec√≠ficos', 3), ('marca', 3), ('√∫ltimos', 3), ('mulheres', 3), ('fala', 3), ('negras', 3), ('vai', 3), ('maquiadora', 3), ('12', 3), ('quartafeira', 3), ('amor', 3), ('acesse', 3), ('d√°', 3), ('s√°bado', 3), ('no', 3), ('olhos', 3), ('combina', 3), ('paes', 3), ('fundo', 3), ('paix√£o', 3), ('mundo', 3), ('papo', 3), ('hor√≥scopo', 3), ('hist√≥ria', 3), ('rio', 3), ('peles', 3), ('sempre', 3), ('tons', 3), ('confira', 3), ('a', 3), ('grande', 3), ('al√©m', 3), ('maquiando', 3), ('emicida', 3), ('comportamento', 3), ('hora', 3), ('pr√™mio', 3), ('digital', 3), ('usar', 3), ('especial', 3), ('queijo', 3), ('receita', 3), ('rancho', 3), ('terra', 3), ('masked', 3)]"
herdeira da beleza,"[('this', 4), ('not', 4)]"
ig,"[('pele', 31), ('reprodu√ß√£o', 23), ('foto', 23), ('base', 22), ('maquiagem', 21), ('ig', 21), ('negra', 15), ('marca', 15), ('tons', 14), ('falta', 12), ('tom', 11), ('pessoas', 11), ('t√°ssio', 11), ('a', 10), ('skin', 9), ('bases', 9), ('cole√ß√£o', 8), ('no', 8), ('publicidade', 8), ('mundo', 6), ('apenas', 6), ('quatro', 6), ('criticada', 6), ('delas', 6), ('mais', 6), ('inclus√£o', 6), ('gente', 6), ('beleza', 6), ('marcas', 6), ('mulheres', 5), ('negras', 5), ('cor', 5), ('totalmente', 5), ('segundo', 5), ('youthforia', 5), ('blogs', 5), ('racismo', 5), ('anuncie', 4), ('not√≠ciassites', 4), ('gabriel', 4), ('jo√£o', 4), ('pedro', 4), ('filtro', 4), ('todos', 4), ('sobre', 4), ('queremos', 4), ('preta', 4), ('santos', 4), ('cosm√©ticos', 4), ('produtos', 4), ('32', 4), ('escura', 4), ('redes', 4), ('problema', 4), ('cores', 4), ('peles', 4), ('sociais', 4), ('variedade', 4), ('aqui', 4), ('o', 4), ('pode', 4), ('pigmento', 4), ('mercado', 4), ('fale', 3), ('conosco', 3), ('brand√£o', 3), ('marcelo', 3), ('beautyblender', 3), ('muitas', 3), ('hoje', 3), ('vai', 3), ('marrom', 3), ('diversidade', 3), ('coment√°rios', 3), ('colorimetria', 3), ('jornalista', 3), ('golloria', 3), ('escuro', 3), ('diz', 3), ('laborat√≥rio', 3), ('livro', 3), ('por', 3), ('dia', 3), ('rio', 3), ('grande', 3), ('ver', 3), ('siga', 3), ('outras', 3), ('pol√≠tica', 3), ('algumas', 3), ('encontrar', 3), ('dizer', 3), ('clique', 3), ('diversos', 3), ('entanto', 3), ('brasil', 3), ('herdeira', 3), ('pessoa', 3)]"
makeup and beauty,"[('i', 79), ('the', 66), ('at', 63), ('march', 58), ('2010', 57), ('reply', 57), ('says', 56), ('and', 54), ('to', 43), ('am', 40), ('5th', 34), ('you', 33), ('karen', 30), ('in', 25), ('of', 25), ('blog', 24), ('two', 23), ('too', 23), ('on', 22), ('pm', 22), ('have', 20), ('i‚Äôm', 20), ('up', 20), ('4th', 19), ('mac', 18), ('last', 18), ('it', 17), ('blushes', 16), ('with', 16), ('my', 16), ('post‚Ä¶', 15), ('is', 15), ('makeup', 15), ('beauty', 14), ('are', 14), ('rhapsody', 14), ('love', 14), ('virtues', 14), ('but', 13), ('your', 13), ('üôÇ', 12), ('more', 11), ('like', 11), ('think', 11), ('get', 11), ('swatches', 10), ('skin', 10), ('this', 10), ('blush', 10), ('bitone', 10), ('so', 10), ('mineralize', 9), ('just', 9), ('buddy', 9), ('from', 9), ('about', 9), ('that', 9), ('pink', 9), ('be', 9), ('out', 8), ('fabulous', 7), ('these', 7), ('color', 7), ('also', 7), ('how', 7), ('they', 7), ('collection', 6), ('go', 6), ('looks', 6), ('it‚Äôs', 6), ('i‚Äôll', 6), ('if', 6), ('not', 6), ('chic', 6), ('comments', 5), ('was', 5), ('lip', 5), ('look', 5), ('cat', 5), ('pretty', 5), ('them', 5), ('guess', 5), ('would', 5), ('‚Äî', 5), ('counter', 5), ('light', 5), ('couple', 5), ('hi', 5), ('little', 5), ('much', 5), ('or', 5), ('today', 5), ('one', 5), ('which', 5), ('dark', 4), ('new', 4), ('an', 4), ('nc35', 4), ('colors', 4), ('good', 4), ('really', 4), ('already', 4), ('totally', 4), ('üòÄ', 4), ('let', 4), ('than', 4), ('very', 4), ('got', 4), ('reviews', 4), ('fun', 4), ('she', 4), ('pencils', 4), ('here', 4), ('peachy', 4), ('can', 4), ('post', 4), ('all', 4), ('pick', 4), ('that‚Äôs', 4), ('want', 4), ('need', 4), ('had', 4), ('spring', 4), ('7th', 4), ('tips', 3), ('store', 3), ('‚Äôem', 3), ('though', 3), ('shades', 3), ('always', 3), ('help', 3), ('work', 3), ('sun', 3), ('tomorrow', 3), ('money', 3), ('üòâ', 3), ('only', 3), ('similar', 3), ('make', 3), ('daft', 3), ('touch', 3), ('you‚Äôre', 3), ('awesome', 3), ('must', 3), ('may', 3), ('product', 3), ('novato', 3), ('frosty', 3), ('any', 3), ('moon', 3), ('see', 3), ('wait', 3), ('happy', 3), ('what', 3), ('did', 3), ('either', 3), ('5', 3), ('gorgeous', 3), ('still', 3), ('will', 3), ('better', 3), ('few', 3), ('because', 3), ('could', 3), ('sugarbomb', 3), ('great', 3), ('bad', 3), ('those', 3), ('ha', 3), ('email', 3), ('vol', 3)]"
makie,"[('pele', 24), ('negra', 13), ('2019', 11), ('makie', 8), ('cores', 8), ('rosto', 8), ('maquiagem', 7), ('posted', 7), ('on', 7), ('o', 7), ('produtos', 6), ('dezembro', 6), ('responder', 6), ('oficial', 6), ('peles', 6), ('tons', 6), ('tom', 5), ('use', 5), ('bem', 5), ('dicas', 5), ('usar', 5), ('a', 5), ('sobre', 4), ('inscrevase', 4), ('maki√™', 4), ('blush', 4), ('na', 4), ('fica', 4), ('receber', 3), ('para', 3), ('quentes', 3), ('dica', 3), ('negras', 3), ('mar√ßo', 3), ('feliz', 3), ('blog', 3), ('atualiza√ß√µes', 3), ('tudo', 3), ('e', 3), ('al√©m', 3), ('pode', 3), ('escuras', 3), ('subtom', 3), ('base', 3), ('camuflagem', 3), ('dourado', 3)]"
marie claire,"[('pele', 105), ('base', 61), ('negra', 58), ('tudo', 46), ('beleza', 42), ('r', 39), ('maquiagem', 38), ('tom', 35), ('revista', 35), ('sobre', 32), ('beauty', 30), ('claire', 26), ('marie', 26), ('voltar', 25), ('facebook', 25), ('pinterest', 25), ('twitter', 25), ('foto', 24), ('tons', 22), ('moda', 20), ('assine', 20), ('lifestyle', 20), ('cor', 17), ('marcas', 17), ('cobertura', 17), ('produtos', 15), ('whatsapp', 15), ('linkedin', 15), ('copiar', 15), ('2020', 15), ('feminismo', 15), ('colunas', 15), ('globo', 15), ('link', 15), ('2022', 14), ('matte', 14), ('editora', 13), ('l√≠quida', 13), ('mundo', 12), ('ideal', 12), ('maria', 12), ('instagram', 12), ('dicas', 12), ('rosto', 12), ('bem', 11), ('make', 11), ('busca', 11), ('leitora', 10), ('power', 10), ('trip', 10), ('summit', 10), ('laura', 10), ('editoriais', 10), ('copyright', 10), ('¬©', 10), ('hd', 10), ('segundo', 10), ('achar', 10), ('fechar', 10), ('eu', 10), ('digital', 10), ('pol√≠tica', 10), ('princ√≠pios', 10), ('atualizado', 10), ('5', 10), ('batom', 10), ('cuidados', 10), ('divulga√ß√£o', 9), ('cabelo', 9), ('sempre', 9), ('a', 9), ('bases', 9), ('subtom', 9), ('boa', 8), ('saza', 8), ('cura', 8), ('1', 8), ('iluminador', 8), ('4', 8), ('p√≥', 8), ('ter', 8), ('06h00', 8), ('o', 8), ('claro', 8), ('nov', 8), ('19', 7), ('marca', 7), ('ainda', 7), ('artist', 7), ('expert', 7), ('12', 7), ('corretivo', 7), ('termo', 7), ('larissa', 7), ('fenty', 7), ('brasil', 7), ('encontrar', 7), ('mylena', 7), ('mgt', 7), ('efeito', 7), ('buscas', 7), ('carol', 7), ('home', 6), ('jul', 6), ('mulheres', 6), ('textura', 6), ('vale', 6), ('blush', 6), ('20', 6), ('rosa', 6), ('vai', 6), ('diz', 6), ('saber', 6), ('famosas', 6), ('dispon√≠vel', 6), ('cream', 6), ('comportamento', 6), ('cultura', 6), ('viagem', 6), ('n√©cessaire', 6), ('pro', 6), ('cores', 6), ('escura', 6), ('usar', 6), ('6', 6), ('natural', 6), ('up', 6), ('dia', 6), ('texturas', 5), ('buscar', 5), ('navega√ß√£o', 5), ('g√™nero', 5), ('bemestar', 5), ('comida', 5), ('receitas', 5), ('noivas', 5), ('papo', 5), ('fontes', 5), ('torres', 5), ('gal', 5), ('barradas', 5), ('werneck', 5), ('elaine', 5), ('janu√°rio', 5), ('luiza', 5), ('voll', 5), ('mafoane', 5), ('alonso', 5), ('monica', 5), ('serino', 5), ('cidad√£s', 5), ('chakian', 5), ('vivi', 5), ('duarte', 5), ('sa√∫de', 5), ('sexo', 5), ('um', 5), ('min', 5), ('leitura', 5), ('rihanna', 5), ('negras', 5), ('vermelho', 5), ('c√≠lios', 5), ('color', 5), ('escuro', 5), ('√∫ltimas', 5), ('anuncie', 5), ('expediente', 5), ('globocom', 5), ('google', 5), ('2019', 5), ('ensina', 5), ('centro', 5), ('usa', 5), ('digite', 5), ('menu', 5), ('ass√©dio', 5), ('viol√™ncia', 5), ('carreira', 5), ('casa', 5), ('adriana', 5), ('kastrup', 5), ('astral', 5), ('ana', 5), ('danielle', 5), ('debora', 5), ('diniz', 5), ('djaimilia', 5), ('pereira', 5), ('almeida', 5), ('jurema', 5), ('oliveira', 5), ('copo', 5), ('sem', 5), ('medida', 5), ('ancona', 5), ('odara', 5), ('neves', 5), ('rita', 5), ('silvia', 5), ('stephanie', 5), ('ribeiro', 5), ('corpo', 5), ('s√≥', 5), ('planeta', 5), ('2', 5), ('l√≠quido', 5), ('tipo', 5), ('gloss', 5), ('alta', 5), ('variedade', 5), ('not√≠cias', 5), ('cadastrese', 5), ('de', 5), ('privacidade', 5), ('sac', 5), ('romero', 5), ('urban', 5), ('ultra', 5), ('melhores', 5), ('pesco√ßo', 5), ('laterais', 5), ('oferece', 5), ('lucy', 5), ('50', 4), ('muitas', 4), ('brilho', 4), ('maquiadora', 4), ('para', 4), ('ta√≠s', 4), ('valiosas', 4), ('maquiagens', 4), ('olheiras', 4), ('mac', 4), ('maybelline', 4), ('skin', 4), ('jo√£o', 4), ('maquiada', 4), ('acertar', 4), ('d√°', 4), ('protetor', 4), ('saiba', 4), ('perfeita', 4), ('ficar', 4), ('caso', 4), ('como', 4), ('2017', 4), ('pigmentos', 4), ('3', 4), ('luz', 4), ('filtr', 4), ('cremoso', 4), ('al√©m', 4), ('18', 4), ('15', 4), ('testar', 4), ('decay', 4), ('lom', 4), ('testa', 4), ('uso', 4), ('normalmente', 4), ('produto', 4), ('peles', 4), ('deixa', 4), ('solar', 4), ('06h01', 4), ('escuras', 4), ('testamos', 4), ('longa', 4), ('dura√ß√£o', 4), ('stay', 4), ('quais', 4), ('fps', 4), ('brasileiras', 3), ('duas', 3), ('cada', 3), ('seco', 3), ('219', 3), ('divas', 3), ('fundo', 3), ('compacto', 3), ('nubia', 3), ('perfeito', 3), ('hidratada', 3), ('aumento', 3), ('maior', 3), ('reda√ß√£o', 3), ('22', 3), ('diversidade', 3), ('26', 3), ('maiores', 3), ('comprar', 3), ('longwear', 3), ('superstay', 3), ('24', 3), ('naked', 3), ('hipoalerg√™nica', 3), ('modelo', 3), ('especialista', 3), ('aspecto', 3), ('aplicar', 3), ('diferentes', 3), ('colo', 3), ('real√ßar', 3), ('explica', 3), ('dif√≠cil', 3), ('porque', 3), ('veja', 3), ('resenha', 3), ('luminosidade', 3), ('cc', 3), ('true', 3), ('perfect', 3), ('lor√©al', 3), ('editorial', 3), ('portf√≥lio', 3), ('aqui', 3), ('freestyle', 3), ('bllack', 3), ('t√£o', 3), ('caramelo', 3), ('afri', 3), ('cartela', 3), ('muene', 3), ('anos', 3), ('pessoais', 3), ('mercado', 3), ('dificuldades', 3), ('pausa', 3), ('feminices', 3), ('nu', 3), ('forma', 3), ('uniforme', 3), ('dayane', 3), ('damasceno', 3), ('clara', 3), ('ver', 3), ('cinza', 3), ('infelizmente', 3), ('√°reas', 3), ('depois', 3), ('7', 3), ('for', 3), ('preferidas', 3), ('aline', 3), ('n¬∫', 3), ('√©', 3), ('bb', 3)]"
marisa lopes,"[('base', 106), ('pele', 81), ('pode', 35), ('cobertura', 32), ('negra', 28), ('bases', 27), ('acabamento', 23), ('escolher', 22), ('mate', 19), ('dura√ß√£o', 19), ('melhores', 18), ('importante', 18), ('tons', 17), ('longa', 17), ('alta', 17), ('maybelline', 14), ('superstay', 14), ('ver', 14), ('ny', 13), ('active', 13), ('rosa', 12), ('a', 12), ('algumas', 12), ('op√ß√£o', 11), ('resistente', 11), ('tom', 10), ('wear', 10), ('cor', 10), ('se', 10), ('boca', 10), ('payot', 10), ('mercado', 10), ('maquiagem', 9), ('05', 9), ('pouco', 9), ('encontrar', 9), ('no', 8), ('disso', 8), ('aplicar', 8), ('pessoas', 8), ('boa', 8), ('considerado', 8), ('procurando', 8), ('al√©m', 8), ('matte', 8), ('melhor', 7), ('livre', 7), ('natural', 7), ('procura', 7), ('garantir', 6), ('dif√≠cil', 6), ('√°gua', 6), ('stick', 6), ('rosto', 6), ('aferzov', 6), ('adriana', 6), ('by', 6), ('certa', 6), ('usu√°rios', 6), ('dia', 6), ('textura', 5), ('amazonver', 5), ('amazon', 5), ('p√≥', 5), ('alguns', 5), ('fator', 5), ('prote√ß√£o', 5), ('entanto', 5), ('oferecem', 5), ('variedade', 5), ('leve', 5), ('f√°cil', 5), ('evitar', 5), ('solar', 5), ('oleosa', 4), ('antes', 4), ('comprar', 4), ('suave', 4), ('transportar', 4), ('24', 4), ('excelente', 4), ('cole√ß√£o', 4), ('9', 4), ('30h', 4), ('certifiquese', 4), ('por', 4), ('marcas', 4), ('lembrar', 4), ('quais', 4), ('√≥tima', 4), ('relataram', 4), ('beleza', 4), ('web', 4), ('compra', 4), ('24h', 4), ('peles', 4), ('conta', 4), ('proporciona', 4), ('suor', 4), ('√©', 4), ('impec√°vel', 3), ('ideal', 3), ('selecionamos', 3), ('cada', 3), ('aplica√ß√£o', 3), ('03', 3), ('tonalidade', 3), ('perfeita', 3), ('delicada', 3), ('transparente', 3), ('√≥leo', 3), ('ajuda', 3), ('recomendamos', 3), ('ivory', 3), ('umidade', 3), ('horas', 3), ('ml', 3), ('pacote', 3), ('1', 3), ('v√£o', 3), ('claros', 3), ('em', 3), ('beauty', 3), ('como', 3), ('ingredientes', 3), ('natura', 3), ('ruby', 3), ('rose', 3), ('aqui', 3), ('blog', 3), ('durabilidade', 3), ('produto', 3), ('ao', 3), ('uniforme', 3), ('tornando', 3), ('o', 3), ('espalhar', 3), ('suficiente', 3), ('total', 3), ('geral', 3), ('pr√≥sa', 3), ('120', 3), ('classic', 3), ('30ml', 3), ('embalagem', 3), ('cores', 3), ('30', 3), ('5', 3), ('qualidade', 3), ('dificuldade', 3), ('efeito', 3), ('tipo', 3)]"
maybelline,"[('pele', 30), ('maquiagem', 16), ('negra', 15), ('tom', 12), ('corretivo', 9), ('base', 8), ('iluminador', 7), ('rosto', 7), ('pode', 7), ('tons', 7), ('make', 6), ('o', 6), ('maybelline', 5), ('sobre', 5), ('senha', 5), ('real√ßar', 5), ('cor', 5), ('deixando', 5), ('dicas', 5), ('possui', 5), ('bases', 5), ('manchas', 5), ('olhos', 4), ('0', 4), ('ter', 4), ('diferentes', 4), ('conta', 4), ('email', 4), ('privacidade', 4), ('a', 4), ('batom', 4), ('escolher', 4), ('hora', 4), ('efeito', 4), ('matte', 4), ('ir', 3), ('connect', 3), ('no', 3), ('new', 3), ('l√°bios', 3), ('america', 3), ('fazer', 3), ('poder', 3), ('melhor', 3), ('super', 3), ('termos', 3), ('uso', 3), ('na', 3), ('sua', 3), ('enviar', 3), ('√©', 3), ('maybellinecom', 3), ('cadastrese', 3), ('pol√≠tica', 3), ('pois', 3), ('cobertura', 3), ('peles', 3), ('possuem', 3), ('por', 3)]"
mayore,"[('pele', 31), ('tons', 17), ('maquiagem', 15), ('negra', 14), ('tom', 13), ('mayore', 11), ('produtos', 8), ('cores', 7), ('base', 6), ('beauty', 5), ('a', 5), ('se', 5), ('subtom', 5), ('pode', 5), ('maior', 4), ('negras', 4), ('dicas', 4), ('alta', 4), ('e', 4), ('beleza', 4), ('2022', 4), ('produto', 4), ('o', 4), ('contorno', 4), ('no', 3), ('todos', 3), ('texturas', 3), ('aspecto', 3), ('search', 3), ('como', 3), ('para', 3), ('caso', 3), ('vai', 3), ('opte', 3), ('blush', 3), ('25', 3), ('matte', 3), ('combinam', 3), ('marcas', 3), ('peles', 3), ('teste', 3), ('hora', 3), ('escolher', 3), ('clara', 3), ('junho', 3)]"
na telinha,"[('base', 21), ('pele', 17), ('matte', 12), ('publicidade', 11), ('continua', 8), ('melhor', 7), ('cor', 7), ('bot√£o', 7), ('dia', 7), ('vai', 6), ('m√©dia', 6), ('ver√£o', 6), ('f√©', 6), ('subtom', 6), ('cobertura', 6), ('pre√ßo', 6), ('negra', 5), ('novelas', 5), ('famosos', 5), ('o', 5), ('bases', 5), ('5', 5), ('de', 5), ('descubra', 4), ('tom', 4), ('fundo', 4), ('no', 4), ('ajuda', 4), ('√≥leo', 4), ('sobre', 4), ('redes', 4), ('al√©m', 4), ('a', 4), ('f√°cil', 4), ('acabamento', 4), ('not√≠cias', 4), ('2024', 4), ('dieta', 4), ('influencer', 3), ('produtos', 3), ('em', 3), ('quente', 3), ('make', 3), ('imperfei√ß√µes', 3), ('√°cido', 3), ('hialur√¥nico', 3), ('moneke', 3), ('r', 3), ('4', 3), ('mercado', 3), ('guiga', 3), ('demais', 3), ('e', 3), ('hora', 3), ('neutro', 3), ('enquanto', 3), ('permite', 3), ('l√≠quida', 3), ('j√°', 3), ('clara', 3), ('natural', 3), ('econ√¥mica', 3), ('avon', 3), ('mais', 3), ('not√≠cia', 3), ('enviar', 3)]"
negocios de beleza,"[('pele', 46), ('negra', 27), ('maquiagem', 26), ('tons', 23), ('beleza', 22), ('tom', 14), ('base', 14), ('produtos', 11), ('impec√°vel', 10), ('aplique', 9), ('√°reas', 9), ('para', 8), ('p√≥', 8), ('ind√∫stria', 8), ('dia', 8), ('rosto', 8), ('escolha', 7), ('destaque', 7), ('profissionais', 7), ('natural', 7), ('corretivo', 6), ('ma√ß√£s', 6), ('criar', 6), ('min', 6), ('leitura', 6), ('brasil', 6), ('acabamento', 6), ('cobertura', 6), ('cada', 5), ('olhos', 5), ('brilho', 5), ('l√°bios', 5), ('opte', 5), ('experimente', 5), ('mercado', 5), ('seguida', 5), ('varejo', 4), ('todos', 4), ('beauty', 4), ('apar√™ncia', 4), ('em', 4), ('iluminador', 4), ('sombra', 4), ('visual', 4), ('radiante', 4), ('aqui', 4), ('marcas', 4), ('manter', 4), ('passo', 4), ('perfeitamente', 4), ('contorno', 4), ('efeito', 4), ('especiais', 3), ('8', 3), ('crescimento', 3), ('mulheres', 3), ('diferentes', 3), ('sobre', 3), ('t√©cnicas', 3), ('c√≠lios', 3), ('deslumbrantes', 3), ('especialmente', 3), ('negras', 3), ('garantir', 3), ('deslumbrante', 3), ('1', 3), ('longo', 3), ('textura', 3), ('escuro', 3), ('nariz', 3), ('looks', 3), ('look', 3), ('ganha', 3), ('opini√£o', 3), ('eventos', 3), ('evento', 3), ('buscando', 3), ('o', 3), ('todo', 3), ('cuidados', 3), ('√∫nica', 3), ('n√£o', 3), ('caracter√≠sticas', 3), ('anos', 3), ('peles', 3), ('al√©m', 3), ('profundos', 3), ('pessoa', 3), ('real√ßam', 3), ('2', 3), ('tipo', 3), ('3', 3), ('alta', 3), ('linha', 3), ('dicas', 3), ('leve', 3), ('noite', 3)]"
negras do brasil,"[('1', 38), ('2', 29), ('2019', 18), ('2016', 18), ('2015', 18), ('2017', 17), ('4', 15), ('2020', 14), ('3', 14), ('fenty', 13), ('negras', 12), ('maquiagem', 12), ('blog', 12), ('jan', 12), ('brasil', 11), ('jun', 10), ('ago', 10), ('abr', 10), ('nov', 10), ('fev', 10), ('sephora', 10), ('resenha', 9), ('blogueiras', 9), ('negra', 8), ('out', 8), ('set', 8), ('base', 8), ('dicas', 8), ('dez', 8), ('beauty', 7), ('pele', 6), ('mar', 6), ('mai', 6), ('opini√£o', 6), ('2022', 6), ('2018', 6), ('crespos', 5), ('aqui', 5), ('cabelos', 5), ('empresa', 5), ('eudora', 4), ('skin', 4), ('perfection', 4), ('mathias', 4), ('blogger', 4), ('jul', 4), ('influenciadores', 4), ('produtos', 4), ('cabelo', 4), ('sheila', 4), ('dia', 4), ('arquivo', 4), ('5', 4), ('by', 4), ('chegou', 4), ('lan√ßamento', 4), ('p√∫blico', 4), ('mim', 3), ('ainda', 3), ('pra', 3), ('marca', 3), ('rihanna', 3), ('pessoas', 3), ('brancas', 3), ('cacheados', 3), ('belo', 3), ('horizonte', 3), ('blogueira', 3), ('negros', 3)]"
oceane,"[('the', 35), ('cookies', 24), ('maquiagem', 20), ('pele', 20), ('to', 16), ('oc√©ane', 15), ('cookie', 15), ('negra', 14), ('in', 13), ('consent', 13), ('of', 11), ('is', 11), ('cores', 11), ('‚Äî', 11), ('pode', 10), ('make', 9), ('website', 9), ('are', 9), ('experts', 9), ('tons', 9), ('used', 8), ('a', 8), ('and', 8), ('para', 7), ('opte', 7), ('cor', 7), ('these', 7), ('user', 7), ('selectors', 6), ('search', 6), ('skincare', 6), ('astrologia', 6), ('bemestar', 6), ('produtos', 6), ('set', 6), ('store', 6), ('category', 6), ('post', 6), ('cabelos', 6), ('cultura', 6), ('coreana', 6), ('inside', 6), ('sempre', 6), ('by', 6), ('gdpr', 6), ('tom', 5), ('escolha', 5), ('utilizar', 5), ('voc√™', 5), ('veja', 5), ('content', 5), ('rosto', 5), ('makes', 5), ('dia', 5), ('your', 5), ('plugin', 5), ('visitors', 5), ('10', 4), ('only', 4), ('use', 4), ('ideais', 4), ('regi√£o', 4), ('olhar', 4), ('inspira√ß√µes', 4), ('monthsthis', 4), ('performance', 4), ('blog', 4), ('o', 4), ('produto', 4), ('se', 4), ('ok', 4), ('tonalidades', 4), ('you', 4), ('pol√≠tica', 4), ('necessary', 4), ('arrasar', 3), ('title', 3), ('type', 3), ('leitura', 3), ('sombra', 3), ('ent√£o', 3), ('antes', 3), ('as', 3), ('super', 3), ('receber', 3), ('ar', 3), ('fundos', 3), ('comprar', 3), ('fazer', 3), ('bronze', 3), ('rosa', 3), ('iluminador', 3), ('pontos', 3), ('outros', 3), ('maquiagens', 3), ('smart', 3), ('ajuda', 3), ('meus', 3), ('functionalities', 3), ('help', 3), ('understand', 3), ('functional', 3), ('provide', 3), ('advertisement', 3), ('truques', 3), ('generic', 3), ('exact', 3), ('matches', 3), ('menu', 3), ('melhores', 3), ('6', 3), ('escolher', 3), ('iluminadores', 3), ('incr√≠veis', 3), ('eles', 3), ('base', 3), ('prefer√™ncia', 3), ('luz', 3), ('dourado', 3), ('azul', 3), ('paletas', 3), ('marsala', 3), ('gloss', 3), ('lan√ßamento', 3), ('linha', 3), ('instagram', 3), ('experience', 3), ('that', 3), ('on', 3), ('with', 3), ('not', 3)]"
portal luneta,"[('2023', 11), ('pele', 9), ('produtos', 9), ('tons', 9), ('2022', 7), ('2021', 7), ('luneta', 6), ('os', 6), ('a', 6), ('nova', 6), ('negra', 5), ('compartilhar', 5), ('janelaclique', 5), ('maio', 5), ('portal', 5), ('falta', 4), ('maquiagem', 4), ('wordpresscom', 4), ('dezembro', 4), ('janeiro', 4), ('conta', 4), ('junho', 4), ('2024', 4), ('2018', 4), ('maquiagens', 3), ('preta', 3), ('ferreira', 3), ('mulheres', 3), ('tom', 3), ('caso', 3), ('p√≥s', 3), ('marca', 3), ('coment√°rio', 3), ('site', 3), ('agosto', 3), ('abril', 3), ('mar√ßo', 3), ('2019', 3), ('laurelferreirabrito', 3), ('por', 3), ('laurel', 3), ('dificuldade', 3), ('novembro', 3), ('outubro', 3)]"
steal the look,"[('negra', 65), ('r', 49), ('pele', 35), ('rosa', 33), ('comprar', 32), ('marca', 20), ('sale', 20), ('√©poca', 20), ('cosm√©ticos', 19), ('pessoas', 18), ('produtos', 16), ('beleza', 16), ('ter', 11), ('ros√¢ngela', 10), ('negras', 10), ('vai', 10), ('mercado', 10), ('sobre', 9), ('apenas', 9), ('share', 8), ('ent√£o', 8), ('a', 8), ('sempre', 8), ('cuidados', 8), ('skincare', 7), ('trazer', 7), ('saiba', 7), ('gente', 7), ('todos', 6), ('porque', 6), ('nesse', 6), ('experi√™ncia', 6), ('algo', 6), ('reais', 6), ('deve', 6), ('marcas', 6), ('privacidade', 6), ('reprodu√ß√£oinstagram', 6), ('maquiagem', 5), ('preciso', 5), ('criar', 5), ('ainda', 5), ('um', 5), ('foto', 5), ('contato', 5), ('anos', 5), ('fa√ßo', 5), ('pessoa', 5), ('usar', 5), ('tipo', 5), ('o', 5), ('look', 4), ('looks', 4), ('pin', 4), ('assim', 4), ('hoje', 4), ('para', 4), ('cada', 4), ('fazer', 4), ('melhor', 4), ('cuidado', 4), ('primeira', 4), ('assine', 4), ('os', 4), ('qualquer', 4), ('cookies', 4), ('visitas', 4), ('navega√ß√£o', 4), ('sucesso', 4), ('the', 4), ('compartilhe', 4), ('it', 4), ('tweet', 4), ('focada', 4), ('farmax', 4), ('processo', 4), ('todo', 4), ('mulher', 4), ('produto', 4), ('possuem', 4), ('tons', 4), ('solar', 4), ('newsletter', 4), ('d√∫vida', 4), ('utilizamos', 4), ('estat√≠sticas', 4), ('melhorar', 4), ('pol√≠tica', 4), ('desafios', 3), ('universo', 3), ('steal', 3), ('mas', 3), ('criadora', 3), ('vida', 3), ('mulheres', 3), ('reprodu√ß√£o', 3), ('aten√ß√£o', 3), ('as', 3), ('mim', 3), ('caminho', 3), ('mundo', 3), ('popula√ß√£o', 3), ('verdade', 3), ('diferente', 3), ('princesa', 3), ('certo', 3), ('criando', 3), ('ideia', 3), ('muitas', 3), ('voc√™', 3), ('protetor', 3), ('maior', 3), ('2990', 3), ('descubra', 3), ('precisam', 3), ('rotina', 3), ('ativos', 3), ('dermatologista', 3), ('katleen', 3), ('rocheposay', 3), ('√°cido', 3), ('raia', 3), ('tend√™ncias', 3), ('ina√™', 3), ('ribeiro', 3), ('oportunidade', 3), ('sonho', 3), ('nunca', 3), ('desejo', 3), ('coisas', 3), ('necessidades', 3), ('exatamente', 3), ('talvez', 3), ('deixar', 3), ('venda', 3), ('outras', 3), ('√©', 3), ('e', 3), ('al√©m', 3), ('grande', 3), ('necess√°rio', 3), ('se', 3), ('podemos', 3), ('agora', 3), ('pre√ßo', 3), ('comunidade', 3), ('base', 3), ('linha', 3), ('novidades', 3), ('futuro', 3), ('tratamento', 3), ('possui', 3), ('condi√ß√µes', 3), ('melasma', 3), ('dra', 3), ('recomendado', 3), ('la', 3), ('manchas', 3), ('cerave', 3), ('droga', 3)]"
tudo maquiagem,"[('base', 16), ('fit', 14), ('pele', 13), ('maybelline', 12), ('maquiagem', 12), ('negras', 9), ('guia', 9), ('peles', 8), ('me', 8), ('tudo', 7), ('2021', 7), ('vamos', 6), ('brasileiras', 6), ('voc√™', 6), ('tons', 6), ('produto', 6), ('vegana', 6), ('dia', 6), ('refer√™ncia', 5), ('precisa', 5), ('efeito', 5), ('vizzela', 5), ('saber', 4), ('boa', 4), ('que', 4), ('linha', 4), ('bases', 4), ('uniforme', 4), ('encontrar', 4), ('compras', 3), ('textura', 3), ('brasileira', 3), ('disso', 3), ('especialmente', 3), ('12', 3), ('horas', 3), ('me¬Æ', 3), ('para', 3), ('sombras', 3), ('2020', 3), ('beleza', 3), ('artigos', 3), ('a', 3), ('cores', 3), ('tropical', 3), ('oleosidade', 3), ('com', 3), ('usar', 3), ('posts', 3), ('simples', 3), ('ser√°', 3)]"
uol,"[('uol', 55), ('pele', 21), ('outros', 19), ('canais', 17), ('√∫ltimas', 12), ('imagem', 11), ('r', 11), ('colunas', 11), ('pre√ßo', 11), ('pode', 11), ('negra', 10), ('divulga√ß√£o', 10), ('not√≠cias', 10), ('12062024', 10), ('maquiagem', 9), ('tom', 8), ('04h00', 8), ('newsletters', 8), ('v√≠deos', 8), ('universa', 7), ('produto', 7), ('dia', 7), ('assine', 6), ('beleza', 6), ('o', 6), ('produtos', 5), ('compras', 5), ('12', 5), ('ter', 5), ('brilho', 5), ('cor', 5), ('play', 5), ('fam√≠lia', 5), ('guia', 5), ('brasil', 5), ('cores', 5), ('claro', 5), ('efeito', 5), ('sexo', 4), ('carros', 4), ('especiais', 4), ('veja', 4), ('jo√£o', 4), ('para', 4), ('corretivo', 4), ('olheiras', 4), ('tracta', 4), ('melhor', 4), ('l√°bios', 4), ('natural', 4), ('neg√≥cio', 4), ('splash', 4), ('economia', 4), ('esporte', 4), ('mulher', 4), ('canal', 4), ('com', 4), ('usar', 4), ('rosto', 4), ('tons', 4), ('testa', 4), ('por', 4), ('educa√ß√£o', 3), ('sa√∫de', 3), ('jogos', 3), ('hoje', 3), ('moda', 3), ('tilt', 3), ('mov', 3), ('nossa', 3), ('garante', 3), ('make', 3), ('bem', 3), ('blush', 3), ('escuro', 3), ('textura', 3), ('pessoas', 3), ('podem', 3), ('diz', 3), ('olhos', 3), ('aplica√ß√£o', 3), ('toque', 3), ('rosa', 3), ('foto', 3), ('precisa', 3), ('c√≠lios', 3), ('d√°', 3), ('dica', 3), ('conte√∫do', 3), ('leia', 3), ('tempo', 3), ('podcasts', 3), ('bola', 3), ('prime', 3), ('pol√≠tica', 3), ('web', 3), ('stories', 3), ('renda', 3), ('mais', 3), ('f√≥rmula', 3), ('reportagens', 3), ('a', 3), ('livros', 3), ('na', 3), ('vivabem', 3), ('favor', 3), ('dicas', 3), ('programas', 3), ('cozinha', 3), ('tab', 3), ('sempre', 3), ('contorno', 3), ('matte', 3), ('alta', 3), ('cobertura', 3), ('sua', 3), ('acabamento', 3), ('maria', 3), ('n√£o', 3), ('enviar', 3), ('assinante', 3)]"
